url,smelly
https://raw.githubusercontent.com/alien4cloud/samples/master/demo-service-operations/scripts/relationship.sh,false
https://raw.githubusercontent.com/alien4cloud/csar-public-library/develop/org/alien4cloud/elasticsearch/ansible/scripts/elasticsearch/configure_elasticsearch.sh,true
https://raw.githubusercontent.com/alien4cloud/csar-public-library/develop/org/alien4cloud/cloudify/manager/v4/scripts/start.sh,true
https://raw.githubusercontent.com/alien4cloud/csar-public-library/develop/org/alien4cloud/alien4cloud/webapp/scripts/smbClient/remove_target.sh,false
https://raw.githubusercontent.com/di-unipi-socc/TosKer/master/data/examples/thinking-app/thinking/scripts/gui/configure.sh,false
https://raw.githubusercontent.com/alien4cloud/samples/master/wordpress/scripts/config_wordpress.sh,false
https://raw.githubusercontent.com/alien4cloud/samples/master/elasticsearch/scripts/install_elasticsearch.sh,false
https://raw.githubusercontent.com/alien4cloud/csar-public-library/develop/org/alien4cloud/samba/samba_sh/scripts/smbServer/stop.sh,false
https://raw.githubusercontent.com/alien4cloud/samples/master/org/alien4cloud/demo/spark-jobs/scripts/io.sh,false
https://raw.githubusercontent.com/alien4cloud/samples/master/org/alien4cloud/automation/a4c/webapp/scripts/alien/start_alien.sh,true
https://raw.githubusercontent.com/di-unipi-socc/TosKer/master/data/examples/node-mongo-csar/node-mongo/scripts/app/stop.sh,false
https://raw.githubusercontent.com/alien4cloud/csar-public-library/develop/org/alien4cloud/spark/linux_sh/scripts/install_spark.sh,false
https://raw.githubusercontent.com/ystia/forge/develop/org/ystia/logstash/linux/bash/geonames/update.sh,false
https://raw.githubusercontent.com/alien4cloud/samples/master/org/alien4cloud/sandbox/services/dummy/client/scripts/pre_configure_source_private.sh,false
https://raw.githubusercontent.com/ystia/forge/develop/org/ystia/rstudio/linux/bash/scripts/rstudio_stop.sh,false
https://raw.githubusercontent.com/alien4cloud/samples/master/nodecellar/scripts/install-nodecellar-app.sh,false
https://raw.githubusercontent.com/di-unipi-socc/TosKer/master/data/examples/node-mongo-csar/node-mongo/scripts/mongo/delete.sh,false
https://raw.githubusercontent.com/di-unipi-socc/TosKer/master/data/examples/sockshop-app/sockshop/scripts/payment/install.sh,false
https://raw.githubusercontent.com/alien4cloud/alien4cloud-kubernetes-plugin/3.0.x/src/main/resources/csar/scripts/kubectl_configmap_create.sh,true
https://raw.githubusercontent.com/alien4cloud/samples/master/elasticsearch/scripts/pre_configure_source.sh,false
https://raw.githubusercontent.com/alien4cloud/samples/master/org/alien4cloud/www/http-proxy/squid3/linux_sh/scripts/uninstall_squid3.sh,false
https://raw.githubusercontent.com/alien4cloud/mesos-tosca-blueprints/master/mesos-types/scripts/rexray/create.sh,false
https://raw.githubusercontent.com/alien4cloud/mesos-tosca-blueprints/master/mesos-types/scripts/service-discovery/configure_mesosdnsConnectsToMaster.sh,false
https://raw.githubusercontent.com/di-unipi-socc/TosKer/master/data/examples/sockshop-app/sockshop/scripts/user/install.sh,false
https://raw.githubusercontent.com/ystia/forge/develop/org/ystia/rstudio/linux/bash/scripts/rstudio_to_filesystem.sh,false
https://raw.githubusercontent.com/alien4cloud/samples/master/alien/scripts/it/config_it.sh,false
https://raw.githubusercontent.com/alien4cloud/samples/master/org/alien4cloud/automation/a4c/postdeployment/scripts/create.sh,false
https://raw.githubusercontent.com/di-unipi-socc/TosKer/master/data/examples/sockshop-app/sockshop/scripts/catalogue/uninstall.sh,false
https://raw.githubusercontent.com/ystia/forge/develop/org/ystia/samples/dummylogs/linux/bash/scripts/dummylogs_install.sh,false
https://raw.githubusercontent.com/shayn1234/Clearwater-new/master/yaml/scripts/homer.sh,true
https://raw.githubusercontent.com/alien4cloud/samples/master/docker-engine-type/scripts/start_docker_engine.sh,false
https://raw.githubusercontent.com/alien4cloud/samples/master/kubernetes/scripts/kubernetes/kubectl/kubectl.sh,false
https://raw.githubusercontent.com/alien4cloud/samples/master/demo-lifecycle/scripts/Generic/create.sh,false
https://raw.githubusercontent.com/alien4cloud/samples/master/demo-lifecycle/scripts/Generic/stop.sh,false
https://raw.githubusercontent.com/alien4cloud/samples/master/org/alien4cloud/automation/cloudify/manager/v3/scripts/Cloudify3Manager/configure.sh,false
https://raw.githubusercontent.com/oasis-open/tosca-community-contributions/master/examples/basic-template/scripts/samplerelationship_add_target.sh,false
https://raw.githubusercontent.com/alien4cloud/samples/master/org/alien4cloud/www/wordpress/scripts/install_wordpress.sh,false
https://raw.githubusercontent.com/alien4cloud/csar-public-library/develop/org/alien4cloud/spark/linux_sh/scripts/start_master.sh,false
https://raw.githubusercontent.com/alien4cloud/samples/master/alien/scripts/alien/config_alien.sh,false
https://raw.githubusercontent.com/alien4cloud/samples/master/org/alien4cloud/sandbox/services/dummy/client/scripts/start.sh,false
https://raw.githubusercontent.com/alien4cloud/samples/master/demo-lifecycle/scripts/GenericConnectToGeneric/post_configure_source.sh,false
https://raw.githubusercontent.com/ystia/forge/develop/org/ystia/logstash/linux/bash/relationships/geonames/geonames_to_logstash.sh,false
https://raw.githubusercontent.com/alien4cloud/samples/master/org/alien4cloud/cloud/amazon/cli/linux_bash/scripts/install_aws_cli.sh,false
https://raw.githubusercontent.com/blainechai/TOSCA-chef/master/resources/tosca/webserver_install.sh,false
https://raw.githubusercontent.com/ystia/forge/develop/org/ystia/logstash/linux/bash/scripts/logstash_changeOutput.sh,false
https://raw.githubusercontent.com/alien4cloud/samples/master/org/alien4cloud/www/wordpress/scripts/install_php_module.sh,false
https://raw.githubusercontent.com/alien4cloud/samples/master/alien/scripts/alien/start_alien.sh,true
https://raw.githubusercontent.com/ystia/forge/develop/org/ystia/beats/linux/bash/relationships/logstash/beat_to_logstash_post_configure_source.sh,false
https://raw.githubusercontent.com/alien4cloud/samples/master/kubernetes/scripts/kubernetes/namespace/namespace.sh,true
https://raw.githubusercontent.com/ystia/forge/develop/org/ystia/haproxy/linux/bash/scripts/haproxy_http/configure.sh,false
https://raw.githubusercontent.com/ystia/yorc-a4c-plugin/develop/tosca-samples/org/ystia/yorc/samples/OrchestratorHost/aws-custom-resources/scripts/EC2Instance/delete.sh,false
https://raw.githubusercontent.com/alien4cloud/alien4cloud-kubernetes-plugin/3.0.x/src/main/resources/csar/scripts/kubectl_endpoint_join.sh,false
https://raw.githubusercontent.com/ystia/forge/develop/org/ystia/kibana/linux/bash/relationships/elasticsearch/kibana_to_elasticsearch_post_config_source.sh,true
https://raw.githubusercontent.com/alien4cloud/samples/master/org/alien4cloud/mock/bash/scripts/fail.sh,false
https://raw.githubusercontent.com/di-unipi-socc/TosKer/master/data/examples/thinking-app/thinking/scripts/gui/stop.sh,false
https://raw.githubusercontent.com/ystia/forge/develop/org/ystia/mysql/linux/bash/scripts/mysql_create.sh,false
https://raw.githubusercontent.com/alien4cloud/samples/master/org/alien4cloud/automation/cloudify/manager/v4/scripts/start.sh,true
https://raw.githubusercontent.com/alien4cloud/csar-public-library/develop/org/alien4cloud/vault/vault_sh/scripts/vault/create_vault.sh,false
https://raw.githubusercontent.com/alien4cloud/mesos-tosca-blueprints/master/aurora-types/scripts/install_scheduler.sh,true
https://raw.githubusercontent.com/opentelekomcloud-blueprints/tosca-marketplace/main/scripts/bash/scripts/stop.sh,false
https://raw.githubusercontent.com/di-unipi-socc/TosKer/master/data/examples/sockshop-app/sockshop/scripts/orders/stop.sh,false
https://raw.githubusercontent.com/alien4cloud/mesos-tosca-blueprints/master/aurora-types/scripts/start_scheduler.sh,false
https://raw.githubusercontent.com/alien4cloud/samples/master/org/alien4cloud/www/apache/linux_sh/scripts/start_apache.sh,false
https://raw.githubusercontent.com/alien4cloud/csar-public-library/develop/org/alien4cloud/apache/linux_sh/scripts/install_apache.sh,true
https://raw.githubusercontent.com/ystia/forge/develop/org/ystia/nifi/linux/bash/scripts/nifi_install.sh,true
https://raw.githubusercontent.com/alien4cloud/csar-public-library/develop/org/alien4cloud/squid3/linux_sh/scripts/uninstall_squid3.sh,false
https://raw.githubusercontent.com/alien4cloud/csar-public-library/develop/org/alien4cloud/spark/job-linux-sh/scripts/cancel.sh,false
https://raw.githubusercontent.com/ystia/yorc-a4c-plugin/develop/tosca-samples/org/ystia/yorc/samples/OrchestratorHost/aws-custom-resources/scripts/EC2Instance/start.sh,false
https://raw.githubusercontent.com/alien4cloud/samples/master/host-pool-service/scripts/configure.sh,false
https://raw.githubusercontent.com/alien4cloud/samples/master/org/alien4cloud/automation/cloudify/manager/v4/scripts/aws_do_configure.sh,false
https://raw.githubusercontent.com/alien4cloud/samples/master/website/scripts/deploy_website.sh,true
https://raw.githubusercontent.com/ystia/forge/develop/org/ystia/beats/linux/bash/relationships/elasticsearch/beat_to_elasticsearch_post_configure_source.sh,true
https://raw.githubusercontent.com/di-unipi-socc/TosKer/master/data/examples/thinking-app/thinking/scripts/gui/start.sh,false
https://raw.githubusercontent.com/WF-ShAre/NJ-WF/master/scripts/special-deploy.sh,false
https://raw.githubusercontent.com/alien4cloud/alien4cloud-kubernetes-plugin/3.0.x/src/main/resources/csar/scripts/kubectl_resource_wrapper_uninstall.sh,false
https://raw.githubusercontent.com/alien4cloud/samples/master/aws-custom-resources/scripts/EC2Instance/stop.sh,false
https://raw.githubusercontent.com/alien4cloud/csar-public-library/develop/org/alien4cloud/samba/samba_sh/scripts/smbServer/configure.sh,false
https://raw.githubusercontent.com/alien4cloud/samples/master/org/alien4cloud/demo/spark/streaming/scripts/SparkStreamingModuleHdfsRepo_io.sh,false
https://raw.githubusercontent.com/alien4cloud/mesos-tosca-blueprints/master/mesos-types/scripts/service-discovery/start-marathonlb.sh,false
https://raw.githubusercontent.com/ystia/forge/develop/org/ystia/logstash/linux/bash/scripts/logstash_start.sh,false
https://raw.githubusercontent.com/alien4cloud/csar-public-library/develop/org/alien4cloud/cloudify/hostpool/service/scripts/HostPoolService/uninstall.sh,false
https://raw.githubusercontent.com/alien4cloud/samples/master/org/alien4cloud/automation/cloudify/manager/v3/scripts/Cloudify3Manager/aws_do_configure.sh,false
https://raw.githubusercontent.com/ystia/forge/develop/org/ystia/beats/linux/bash/scripts/configure_metricbeat.sh,false
https://raw.githubusercontent.com/ystia/forge/develop/org/ystia/samples/jobmock/scripts/run.sh,false
https://raw.githubusercontent.com/ystia/forge/develop/org/ystia/haproxy/linux/bash/scripts/haproxy/start.sh,false
https://raw.githubusercontent.com/alien4cloud/samples/master/org/alien4cloud/automation/cloudify/manager/v4/scripts/install.sh,false
https://raw.githubusercontent.com/ystia/forge/develop/org/ystia/logstash/linux/bash/twitter/twitter_changeFollows.sh,false
https://raw.githubusercontent.com/vuminhkh/tosca-runtime/master/cli/src/main/resources/csars/bootstrap/consul/scripts/swarm_use_consul.sh,false
https://raw.githubusercontent.com/ystia/forge/develop/org/ystia/logstash/linux/bash/scripts/logstash_changeInput.sh,false
https://raw.githubusercontent.com/alien4cloud/mesos-tosca-blueprints/master/mesos-types/scripts/slave/start.sh,false
https://raw.githubusercontent.com/ystia/forge/develop/org/ystia/cloudera/linux/bash/scripts/clouderamanager_config.sh,false
https://raw.githubusercontent.com/alien4cloud/samples/master/aws-custom-resources/scripts/EC2Instance/start.sh,false
https://raw.githubusercontent.com/alien4cloud/csar-public-library/develop/org/alien4cloud/consul/consul_sh/scripts/consul/join_consul_servers.sh,false
https://raw.githubusercontent.com/ystia/forge/develop/org/ystia/python/linux/bash/scripts/anaconda_install.sh,true
https://raw.githubusercontent.com/ystia/forge/develop/org/ystia/kibana/linux/bash/relationships/elasticsearch/kibana_to_elasticsearch_pre_config_source.sh,false
https://raw.githubusercontent.com/ystia/yorc-a4c-plugin/develop/tosca-samples/org/ystia/yorc/samples/job/mocks/component/scripts/submit.sh,false
https://raw.githubusercontent.com/alien4cloud/mesos-tosca-blueprints/master/mesos-types/scripts/service-discovery/configure-mesosdns.sh,true
https://raw.githubusercontent.com/ystia/forge/develop/org/ystia/haproxy/linux/bash/scripts/haproxy_tcp/configure.sh,false
https://raw.githubusercontent.com/ystia/yorc-a4c-plugin/develop/tosca-samples/org/ystia/yorc/samples/job/noscheduler/components/scripts/operations/submit.sh,false
https://raw.githubusercontent.com/alien4cloud/mesos-tosca-blueprints/master/mesos-types/scripts/slave/configure_connectsToMaster.sh,false
https://raw.githubusercontent.com/ystia/forge/develop/org/ystia/haproxy/linux/bash/scripts/haproxy/configure.sh,false
https://raw.githubusercontent.com/lucboutier/tosca-artifact-samples/master/1-simple-shell/scripts/create.sh,false
https://raw.githubusercontent.com/alien4cloud/samples/master/org/alien4cloud/www/wordpress/scripts/config_wordpress_for_mysql.sh,false
https://raw.githubusercontent.com/ystia/forge/develop/org/ystia/flink/linux/bash/scripts/flink_stop.sh,false
https://raw.githubusercontent.com/di-unipi-socc/TosKer/master/data/examples/thinking-app/thinking/scripts/gui/uninstall.sh,false
https://raw.githubusercontent.com/alien4cloud/samples/master/org/alien4cloud/storage/elasticsearch/ansible/scripts/elasticsearch/install_elasticsearch.sh,false
https://raw.githubusercontent.com/laurentganne/tosca-samples/master/complexTypes/types/scripts/create.sh,false
https://raw.githubusercontent.com/ystia/forge/develop/org/ystia/nifi/linux/bash/scripts/nifi_configure.sh,false
https://raw.githubusercontent.com/alien4cloud/csar-public-library/develop/org/alien4cloud/alien4cloud/config/backupRestoreS3/scripts/restore.sh,true
https://raw.githubusercontent.com/alien4cloud/samples/master/apache/scripts/start_apache.sh,false
https://raw.githubusercontent.com/ystia/forge/develop/org/ystia/samples/dummylogs/linux/bash/scripts/logs_generator_start.sh,false
https://raw.githubusercontent.com/di-unipi-socc/TosKer/master/data/examples/node-mongo/scripts/app/start.sh,false
https://raw.githubusercontent.com/alien4cloud/csar-public-library/develop/org/alien4cloud/cloudify/manager/v4/scripts/azure_do_configure.sh,false
https://raw.githubusercontent.com/ystia/forge/develop/org/ystia/consul/linux/bash/scripts/consul_start.sh,false
https://raw.githubusercontent.com/alien4cloud/csar-public-library/develop/org/alien4cloud/aws-cli/linux_bash/scripts/install_aws_cli.sh,false
https://raw.githubusercontent.com/alien4cloud/samples/master/kubernetes/scripts/docker/start_docker.sh,false
https://raw.githubusercontent.com/alien4cloud/csar-public-library/develop/org/alien4cloud/alien4cloud/webapp/scripts/alien/stop_alien.sh,false
https://raw.githubusercontent.com/di-unipi-socc/TosKer/master/data/examples/node-mongo-csar/node-mongo/scripts/app/delete.sh,false
https://raw.githubusercontent.com/ystia/forge/develop/org/ystia/logstash/linux/bash/twitter/twitter_changeAuthentication.sh,true
https://raw.githubusercontent.com/alefais/ase-fall-17/master/homework6/scripts/delete_doodle.sh,false
https://raw.githubusercontent.com/alien4cloud/csar-public-library/develop/org/alien4cloud/cloudify/manager/v4/scripts/openstack_do_configure.sh,false
https://raw.githubusercontent.com/ystia/forge/develop/org/ystia/kibana/linux/bash/scripts/kibana_install.sh,true
https://raw.githubusercontent.com/alien4cloud/samples/master/demo-lifecycle/scripts/GenericConnectToGeneric/add_target.sh,false
https://raw.githubusercontent.com/opentelekomcloud-blueprints/tosca-tutorials/master/examples/nodecellar/scripts/set-mongo-url.sh,false
https://raw.githubusercontent.com/shayn1234/Clearwater-new/master/yaml/tmp/cloudify-diamond-snmp-extension-master/scripts/install_requirements.sh,false
https://raw.githubusercontent.com/alien4cloud/samples/master/org/alien4cloud/automation/cloudify/hostpool/service/scripts/HostPoolService/stop.sh,false
https://raw.githubusercontent.com/di-unipi-socc/TosKer/master/data/examples/node-mongo/scripts/app/stop.sh,false
https://raw.githubusercontent.com/alien4cloud/samples/master/org/alien4cloud/automation/cloudify/manager/v3/scripts/Cloudify3Manager/start.sh,false
https://raw.githubusercontent.com/alien4cloud/samples/master/org/alien4cloud/automation/cloudify/manager/v4/scripts/install_key.sh,false
https://raw.githubusercontent.com/shayn1234/Clearwater-new/master/yaml/cloudify-diamond-snmp-extension-master/scripts/install_requirements.sh,false
https://raw.githubusercontent.com/shayn1234/Clearwater-new/master/yaml/scripts/dns.sh,true
https://raw.githubusercontent.com/alien4cloud/samples/master/postgresql/scripts/start_postgresql.sh,false
https://raw.githubusercontent.com/oasis-open/tosca-community-contributions/master/examples/basic-template/scripts/sampletargetnode-stop.sh,false
https://raw.githubusercontent.com/ystia/forge/develop/org/ystia/mysql/linux/bash/scripts/mysql_configure.sh,false
https://raw.githubusercontent.com/oasis-open/tosca-community-contributions/master/examples/basic-template/scripts/sampletargetnode-create.sh,false
https://raw.githubusercontent.com/alien4cloud/csar-public-library/develop/org/alien4cloud/cloudify/manager/v3/scripts/Cloudify3Manager/start.sh,false
https://raw.githubusercontent.com/alien4cloud/csar-public-library/develop/org/alien4cloud/alien4cloud/webapp/scripts/alien/cleanup_alien.sh,false
https://raw.githubusercontent.com/ystia/forge/develop/org/ystia/logstash/linux/bash/twitter/twitter_changeIgnoreRetweets.sh,false
https://raw.githubusercontent.com/alien4cloud/csar-public-library/develop/org/alien4cloud/terraform/openstack/scripts/apply_terraform.sh,false
https://raw.githubusercontent.com/ystia/forge/develop/org/ystia/kibana/linux/bash/scripts/kibana_configure.sh,false
https://raw.githubusercontent.com/ditrit/workflows/master/ditrit/example/appli/scripts/mon_create.sh,false
https://raw.githubusercontent.com/WF-ShAre/Picard-WF/master/scripts/get-Dir.sh,false
https://raw.githubusercontent.com/alien4cloud/alien4cloud-kubernetes-plugin/3.0.x/src/main/resources/csar/scripts/kubectl_job_cancel.sh,false
https://raw.githubusercontent.com/ystia/forge/develop/org/ystia/samples/jobmock/scripts/submit.sh,false
https://raw.githubusercontent.com/alien4cloud/samples/master/kubernetes/scripts/exposeTargetIpAddress.sh,false
https://raw.githubusercontent.com/di-unipi-socc/TosKer/master/data/examples/node-mongo/scripts/node/install.sh,false
https://raw.githubusercontent.com/di-unipi-socc/TosKer/master/data/examples/sockshop-app/sockshop/scripts/catalogue/start.sh,false
https://raw.githubusercontent.com/di-unipi-socc/TosKer/master/data/examples/sockshop-app/sockshop/scripts/carts/stop.sh,false
https://raw.githubusercontent.com/ystia/forge/develop/org/ystia/rstudio/linux/bash/scripts/rstudio_configure.sh,true
https://raw.githubusercontent.com/alien4cloud/csar-public-library/develop/org/alien4cloud/cloudify/hostpool/service/scripts/HostPoolService/install.sh,false
https://raw.githubusercontent.com/ystia/forge/develop/org/ystia/logstash/linux/bash/twitter/twitter_removeFollows.sh,false
https://raw.githubusercontent.com/alien4cloud/csar-public-library/develop/org/alien4cloud/nginx/nginx_sh/scripts/consul_template/create.sh,false
https://raw.githubusercontent.com/alien4cloud/csar-public-library/develop/org/alien4cloud/alien4cloud/webapp/scripts/alien/config_alien.sh,true
https://raw.githubusercontent.com/alien4cloud/samples/master/org/alien4cloud/automation/a4c/postdeployment/scripts/alien.sh,true
https://raw.githubusercontent.com/ystia/forge/develop/org/ystia/logstash/linux/bash/twitter/twitter_removeTags.sh,false
https://raw.githubusercontent.com/ystia/forge/develop/org/ystia/xfs/linux/bash/scripts/fdisk.sh,false
https://raw.githubusercontent.com/alien4cloud/samples/master/org/alien4cloud/www/http-proxy/squid3/linux_sh/scripts/configure_squid3.sh,false
https://raw.githubusercontent.com/alien4cloud/samples/master/demo-lifecycle/scripts/GenericConnectToGeneric/add_source.sh,false
https://raw.githubusercontent.com/alien4cloud/samples/master/org/alien4cloud/automation/cloudify/manager/v4/scripts/aws_init_conf_file.sh,false
https://raw.githubusercontent.com/ystia/forge/develop/org/ystia/mysql/linux/bash/scripts/mysql_db_start.sh,false
https://raw.githubusercontent.com/ystia/forge/develop/org/ystia/beats/linux/bash/scripts/configure_packetbeat.sh,false
https://raw.githubusercontent.com/alien4cloud/alien4cloud-kubernetes-plugin/3.0.x/src/main/resources/csar/scripts/kubectl_secret_create.sh,false
https://raw.githubusercontent.com/di-unipi-socc/TosKer/master/data/examples/sockshop-app/sockshop/scripts/catalogue/install.sh,false
https://raw.githubusercontent.com/opentelekomcloud-blueprints/tosca-marketplace/main/scripts/bash/scripts/add_source.sh,false
https://raw.githubusercontent.com/alien4cloud/samples/master/host-pool-service/scripts/start.sh,true
https://raw.githubusercontent.com/di-unipi-socc/TosKer/master/data/examples/sockshop-app/sockshop/scripts/shipping/stop.sh,false
https://raw.githubusercontent.com/alien4cloud/samples/master/nodecellar/scripts/start-nodecellar-app.sh,false
https://raw.githubusercontent.com/vuminhkh/tosca-runtime/master/cli/src/main/resources/csars/bootstrap/consul/scripts/join_consul_cluster.sh,false
https://raw.githubusercontent.com/alien4cloud/samples/master/org/alien4cloud/automation/cloudify/manager/v4/scripts/azure_init_conf_file.sh,false
https://raw.githubusercontent.com/alien4cloud/csar-public-library/develop/org/alien4cloud/terraform/openstack/scripts/tf_rel_sg_add_source.sh,false
https://raw.githubusercontent.com/alien4cloud/samples/master/org/alien4cloud/demo/hdfs-repository/scripts/create.sh,false
https://raw.githubusercontent.com/ystia/forge/develop/org/ystia/logstash/linux/bash/twitter/twitter_removeKeywords.sh,false
https://raw.githubusercontent.com/ystia/forge/develop/org/ystia/cloudera/linux/bash/scripts/clouderaagent_to_server.sh,false
https://raw.githubusercontent.com/di-unipi-socc/TosKer/master/data/examples/thinking-app/thinking/scripts/gui/install.sh,false
https://raw.githubusercontent.com/alien4cloud/csar-public-library/develop/org/alien4cloud/kubernetes/kubeadm/scripts/docker/create-docker.sh,false
https://raw.githubusercontent.com/alien4cloud/samples/master/demo-input-artifact/scripts/assert.sh,false
https://raw.githubusercontent.com/alien4cloud/samples/master/org/alien4cloud/storage/elasticsearch/ubuntu/scripts/elasticsearch/start_elasticsearch.sh,false
https://raw.githubusercontent.com/alien4cloud/csar-public-library/develop/org/alien4cloud/squid3/linux_sh/scripts/configure_squid3.sh,false
https://raw.githubusercontent.com/alien4cloud/samples/master/org/alien4cloud/sandbox/services/dummy/implem/scripts/create.sh,false
https://raw.githubusercontent.com/blainechai/TOSCA-chef/master/resources/tosca/mysql_dbms_configure.sh,false
https://raw.githubusercontent.com/alien4cloud/samples/master/org/alien4cloud/automation/cloudify/manager/v4/scripts/openstack_configure_key.sh,false
https://raw.githubusercontent.com/alien4cloud/csar-public-library/develop/org/alien4cloud/nginx/nginx_sh/scripts/consul_template/configure.sh,true
https://raw.githubusercontent.com/di-unipi-socc/TosKer/master/data/examples/node-mongo/scripts/app/delete.sh,false
https://raw.githubusercontent.com/alien4cloud/alien4cloud-kubernetes-plugin/3.0.x/src/main/resources/csar/scripts/kubectl_service_wrapper.sh,false
https://raw.githubusercontent.com/alien4cloud/samples/master/org/alien4cloud/storage/elasticsearch/ansible/scripts/elasticsearch/configure_elasticsearch.sh,false
https://raw.githubusercontent.com/shayn1234/Clearwater-new/master/yaml/scripts/policy-start.sh,false
https://raw.githubusercontent.com/alien4cloud/samples/master/org/alien4cloud/demo/spark/streaming/scripts/SparkStreamingHDFSWriter/configure.sh,false
https://raw.githubusercontent.com/alien4cloud/samples/master/org/alien4cloud/demo/spark-jobs/scripts/app_connect.sh,false
https://raw.githubusercontent.com/ystia/forge/develop/org/ystia/kibana/linux/bash/scripts/kibana_delete.sh,false
https://raw.githubusercontent.com/ystia/forge/develop/org/ystia/kafka/linux/bash/scripts/kafka-to-volume.sh,false
https://raw.githubusercontent.com/di-unipi-socc/TosKer/master/data/examples/node-mongo-csar/node-mongo/scripts/mongo/install.sh,false
https://raw.githubusercontent.com/alien4cloud/csar-public-library/develop/org/alien4cloud/cloudify/ansible/scripts/Ansible4CloudifyManager/install.sh,true
https://raw.githubusercontent.com/ystia/forge/develop/org/ystia/kafka/linux/bash/scripts/kafka_start.sh,true
https://raw.githubusercontent.com/di-unipi-socc/TosKer/master/data/examples/sockshop-app/sockshop/scripts/carts/start.sh,false
https://raw.githubusercontent.com/vuminhkh/tosca-runtime/master/cli/src/main/resources/csars/bootstrap/daemon/scripts/configure_docker_daemon.sh,false
https://raw.githubusercontent.com/ystia/forge/develop/org/ystia/jupyter/linux/bash/scripts/jupyter-to-filesystem.sh,false
https://raw.githubusercontent.com/di-unipi-socc/TosKer/master/data/examples/sockshop-app/sockshop/scripts/front-end/uninstall.sh,false
https://raw.githubusercontent.com/laurentganne/tosca-samples/master/iterations/component/scripts/iterate.sh,false
https://raw.githubusercontent.com/alien4cloud/samples/master/org/alien4cloud/sandbox/services/dummy/client/scripts/pre_configure_source_public.sh,false
https://raw.githubusercontent.com/alien4cloud/mesos-tosca-blueprints/master/mesos-types/scripts/master/start.sh,false
https://raw.githubusercontent.com/alien4cloud/samples/master/org/alien4cloud/automation/a4c/config/backupRestoreS3/scripts/init.sh,true
https://raw.githubusercontent.com/vuminhkh/tosca-runtime/master/cli/src/main/resources/csars/bootstrap/daemon/scripts/start_docker_daemon.sh,false
https://raw.githubusercontent.com/alien4cloud/samples/master/tomcat-war/scripts/tomcat_start.sh,true
https://raw.githubusercontent.com/alien4cloud/csar-public-library/develop/org/alien4cloud/cloudify/manager/v4/scripts/install_key.sh,false
https://raw.githubusercontent.com/alien4cloud/samples/master/org/alien4cloud/www/http-proxy/squid3/linux_sh/scripts/stop_squid3.sh,false
https://raw.githubusercontent.com/alien4cloud/csar-public-library/develop/org/alien4cloud/elasticsearch/ubuntu/scripts/elasticsearch/configure_elasticsearch.sh,false
https://raw.githubusercontent.com/ystia/forge/develop/org/ystia/elasticsearch/linux/bash/scripts/elasticsearch-to-filesystem.sh,false
https://raw.githubusercontent.com/alien4cloud/alien4cloud-extended-types/master/alien-extended-storage-types/scripts/mount.sh,false
https://raw.githubusercontent.com/alien4cloud/csar-public-library/develop/org/alien4cloud/kubernetes/kubeadm/scripts/docker/configure-docker.sh,false
https://raw.githubusercontent.com/alien4cloud/csar-public-library/develop/org/alien4cloud/samba/samba_sh/scripts/smbClient/install.sh,false
https://raw.githubusercontent.com/opentelekomcloud-blueprints/tosca-marketplace/main/nodejs/scripts/nodejs_create.sh,false
https://raw.githubusercontent.com/alien4cloud/csar-public-library/develop/org/alien4cloud/samba/samba_sh/scripts/smbServer/start.sh,false
https://raw.githubusercontent.com/alien4cloud/csar-public-library/develop/org/alien4cloud/samba/samba_sh/scripts/smbServer/install.sh,false
https://raw.githubusercontent.com/di-unipi-socc/TosKer/master/data/examples/software-link/scripts/start.sh,false
https://raw.githubusercontent.com/alien4cloud/alien4cloud-kubernetes-plugin/3.0.x/src/main/resources/csar/scripts/kubectl_job_submit.sh,false
https://raw.githubusercontent.com/opentelekomcloud-blueprints/tosca-tutorials/master/examples/artifact/scripts/create.sh,false
https://raw.githubusercontent.com/alien4cloud/csar-public-library/develop/org/alien4cloud/alien4cloud/webapp/scripts/alien/start_alien.sh,true
https://raw.githubusercontent.com/vuminhkh/tosca-runtime/master/cli/src/main/resources/csars/bootstrap/daemon/scripts/stop_docker_daemon.sh,false
https://raw.githubusercontent.com/ystia/forge/develop/org/ystia/logstash/linux/bash/twitter/twitter_changeUseSamples.sh,false
https://raw.githubusercontent.com/shayn1234/Clearwater-new/master/yaml/scripts/ellis.sh,true
https://raw.githubusercontent.com/ystia/forge/develop/org/ystia/logstash/linux/bash/scripts/logstash_configure.sh,true
https://raw.githubusercontent.com/alien4cloud/samples/master/org/alien4cloud/storage/elasticsearch/ubuntu/scripts/elasticsearch/install_elasticsearch.sh,false
https://raw.githubusercontent.com/vuminhkh/tosca-runtime/master/cli/src/main/resources/csars/bootstrap/consul/scripts/start_consul_agent.sh,false
https://raw.githubusercontent.com/ystia/forge/develop/org/ystia/cloudera/linux/bash/scripts/clouderaagent_stop.sh,false
https://raw.githubusercontent.com/vmware-archive/tosca-blueprints/master/regression-blueprints/scripts/install_mongo.sh,false
https://raw.githubusercontent.com/alien4cloud/mesos-tosca-blueprints/master/mesos-types/scripts/slave/stop.sh,false
https://raw.githubusercontent.com/alien4cloud/samples/master/apache-load-balancer/scripts/start_apache_load_balancer.sh,false
https://raw.githubusercontent.com/alien4cloud/csar-public-library/develop/org/alien4cloud/vault/vault_sh/scripts/vault/configure_vault.sh,false
https://raw.githubusercontent.com/alien4cloud/csar-public-library/develop/org/alien4cloud/php/debian_sh/scripts/install_php.sh,false
https://raw.githubusercontent.com/alien4cloud/csar-public-library/develop/org/alien4cloud/agentpuppet/scripts/delete.sh,false
https://raw.githubusercontent.com/alien4cloud/csar-public-library/develop/org/alien4cloud/cloudify/manager/v4/scripts/aws_configure_key.sh,false
https://raw.githubusercontent.com/alien4cloud/samples/master/mongo/scripts/configure-mongo.sh,false
https://raw.githubusercontent.com/ystia/forge/develop/org/ystia/logstash/linux/bash/scripts/logstash_stop.sh,false
https://raw.githubusercontent.com/alien4cloud/mesos-tosca-blueprints/master/mesos-types/scripts/slave/configure_dependsOnDocker.sh,false
https://raw.githubusercontent.com/ystia/forge/develop/org/ystia/java/linux/bash/scripts/java_uninstall.sh,false
https://raw.githubusercontent.com/alien4cloud/alien4cloud-kubernetes-plugin/3.0.x/src/main/resources/csar/scripts/void.sh,false
https://raw.githubusercontent.com/alien4cloud/mesos-tosca-blueprints/master/mesos-types/scripts/marathon/install.sh,false
https://raw.githubusercontent.com/ystia/forge/develop/org/ystia/xfs/linux/bash/scripts/mount.sh,false
https://raw.githubusercontent.com/vuminhkh/tosca-runtime/master/cli/src/main/resources/csars/bootstrap/component/scripts/start_docker_component.sh,false
https://raw.githubusercontent.com/ystia/forge/develop/org/ystia/flink/linux/bash/scripts/flink_jm_start.sh,false
https://raw.githubusercontent.com/di-unipi-socc/TosKer/master/data/examples/sockshop-app/sockshop/scripts/payment/stop.sh,false
https://raw.githubusercontent.com/alien4cloud/csar-public-library/develop/org/alien4cloud/cloudify/manager/v4/scripts/aws_init_conf_file.sh,false
https://raw.githubusercontent.com/alien4cloud/alien4cloud-kubernetes-plugin/3.0.x/src/main/resources/csar/scripts/kubectl_job_run.sh,true
https://raw.githubusercontent.com/alien4cloud/csar-public-library/develop/org/alien4cloud/terraform/openstack/scripts/tf_rel_sg_remove_target.sh,false
https://raw.githubusercontent.com/ystia/forge/develop/org/ystia/samples/dummylogs/linux/bash/scripts/dummylogs_delete.sh,false
https://raw.githubusercontent.com/di-unipi-socc/TosKer/master/data/examples/sockshop-app/sockshop/scripts/payment/start.sh,false
https://raw.githubusercontent.com/alien4cloud/samples/master/org/alien4cloud/demo/kafka/topic/scripts/KafkaTopic/delete.sh,false
https://raw.githubusercontent.com/alien4cloud/samples/master/mysql/scripts/install_mysql.sh,false
https://raw.githubusercontent.com/ystia/forge/develop/org/ystia/beats/linux/bash/scripts/install_beat.sh,true
https://raw.githubusercontent.com/alien4cloud/samples/master/host-pool-service/scripts/delete.sh,false
https://raw.githubusercontent.com/alien4cloud/samples/master/apache-load-balancer/scripts/install_apache_load_balancer.sh,false
https://raw.githubusercontent.com/alien4cloud/mesos-tosca-blueprints/master/mesos-types/scripts/master/configure.sh,true
https://raw.githubusercontent.com/ystia/forge/develop/org/ystia/logstash/linux/bash/twitter/twitter_changeLanguages.sh,false
https://raw.githubusercontent.com/alien4cloud/csar-public-library/develop/org/alien4cloud/vault/vault_dev/scripts/vault_dev/create_vault.sh,false
https://raw.githubusercontent.com/ystia/forge/develop/org/ystia/xfs/linux/bash/scripts/mkfs.sh,false
https://raw.githubusercontent.com/alien4cloud/samples/master/git/scripts/installGit.sh,false
https://raw.githubusercontent.com/alien4cloud/mesos-tosca-blueprints/master/mesos-types/scripts/rexray/start.sh,false
https://raw.githubusercontent.com/alien4cloud/samples/master/org/alien4cloud/demo/kafka/topic/scripts/KafkaTopicConnectToBroker/pre_configure_source.sh,false
https://raw.githubusercontent.com/ystia/yorc-a4c-plugin/develop/tosca-samples/org/ystia/yorc/samples/job/mocks/component/scripts/cancel.sh,false
https://raw.githubusercontent.com/alien4cloud/alien4cloud-kubernetes-plugin/3.0.x/src/main/resources/csar/scripts/kubectl_deployment_delete.sh,false
https://raw.githubusercontent.com/ystia/forge/develop/org/ystia/elasticsearch/linux/bash/scripts/elasticsearch_stop.sh,false
https://raw.githubusercontent.com/ystia/forge/develop/org/ystia/cloudera/linux/bash/scripts/clouderamanager_stop.sh,false
https://raw.githubusercontent.com/shayn1234/Clearwater-new/master/yaml/scripts/install_requirements.sh,false
https://raw.githubusercontent.com/01000101/aria-csar-extension/master/examples/csar_vnf_chaining/scripts/vdu1_configure.sh,false
https://raw.githubusercontent.com/ystia/forge/develop/org/ystia/flink/linux/bash/scripts/flink_jm_configure.sh,true
https://raw.githubusercontent.com/ystia/forge/develop/org/ystia/samples/jobmock/scripts/cancel.sh,false
https://raw.githubusercontent.com/alien4cloud/csar-public-library/develop/org/alien4cloud/kubernetes/kubeadm/scripts/kubernetes/start-master.sh,true
https://raw.githubusercontent.com/alien4cloud/samples/master/org/alien4cloud/automation/a4c/config/backupRestoreS3/scripts/backup.sh,true
https://raw.githubusercontent.com/ystia/forge/develop/org/ystia/jupyter/linux/bash/scripts/jupyter_start.sh,false
https://raw.githubusercontent.com/alien4cloud/samples/master/php/scripts/install_php.sh,false
https://raw.githubusercontent.com/alien4cloud/csar-public-library/develop/org/alien4cloud/cloudify/hostpool/service/scripts/HostPoolService/stop.sh,false
https://raw.githubusercontent.com/alien4cloud/samples/master/org/alien4cloud/demo/spark/streaming/scripts/SparkStreamingModuleTopic_io.sh,false
https://raw.githubusercontent.com/alien4cloud/samples/master/demo-lifecycle/scripts/GenericConnectToGeneric/pre_configure_target.sh,false
https://raw.githubusercontent.com/alien4cloud/samples/master/apache-load-balancer/scripts/remove_web_app_from_load_balancer.sh,false
https://raw.githubusercontent.com/alien4cloud/samples/master/aws-elastic-load-balancer/scripts/remove_target.sh,false
https://raw.githubusercontent.com/alien4cloud/alien4cloud-extended-types/master/alien-extended-storage-types/scripts/parted.sh,false
https://raw.githubusercontent.com/alien4cloud/mesos-tosca-blueprints/master/mesos-types/scripts/master/stop.sh,false
https://raw.githubusercontent.com/ystia/forge/develop/org/ystia/elasticsearch/linux/bash/scripts/elasticsearch_delete.sh,false
https://raw.githubusercontent.com/alien4cloud/samples/master/org/alien4cloud/automation/a4c/webapp/scripts/alien/config_alien.sh,true
https://raw.githubusercontent.com/ystia/forge/develop/org/ystia/flink/linux/bash/scripts/flink_tm_configure.sh,true
https://raw.githubusercontent.com/alien4cloud/mesos-tosca-blueprints/master/mesos-types/scripts/marathon/stop.sh,false
https://raw.githubusercontent.com/alien4cloud/samples/master/org/alien4cloud/demo/kafka/topic/scripts/KafkaTopicConnectToZookeeper/pre_configure_source.sh,false
https://raw.githubusercontent.com/di-unipi-socc/TosKer/master/data/examples/thinking-app/thinking/scripts/api/start.sh,false
https://raw.githubusercontent.com/alien4cloud/samples/master/apache/scripts/install_apache.sh,true
https://raw.githubusercontent.com/ystia/forge/develop/org/ystia/mysql/linux/bash/scripts/mysql_db_configure.sh,false
https://raw.githubusercontent.com/ystia/forge/develop/org/ystia/consul/linux/bash/scripts/consul_delete.sh,true
https://raw.githubusercontent.com/alien4cloud/samples/master/org/alien4cloud/demo/hdfs-repository/scripts/delete.sh,false
https://raw.githubusercontent.com/laurentganne/tosca-samples/master/complexTypes/types/scripts/change_kw.sh,false
https://raw.githubusercontent.com/alien4cloud/csar-public-library/develop/org/alien4cloud/spark/job-linux-sh/scripts/run.sh,false
https://raw.githubusercontent.com/shayn1234/Clearwater-new/master/yaml/scripts/setup_snmpd.sh,false
https://raw.githubusercontent.com/alien4cloud/csar-public-library/develop/org/alien4cloud/kubernetes/kubeadm/scripts/docker/start-docker.sh,false
https://raw.githubusercontent.com/di-unipi-socc/TosKer/master/data/examples/thinking-app/thinking/scripts/api/stop.sh,false
https://raw.githubusercontent.com/alien4cloud/alien4cloud-kubernetes-plugin/3.0.x/src/main/resources/csar/scripts/kubectl_secret_delete.sh,false
https://raw.githubusercontent.com/alien4cloud/samples/master/nodecellar/scripts/set-mongo-url.sh,false
https://raw.githubusercontent.com/alien4cloud/samples/master/apache-load-balancer/scripts/service_add_web_app_to_load_balancer.sh,false
https://raw.githubusercontent.com/di-unipi-socc/TosKer/master/data/examples/sockshop-app/sockshop/scripts/orders/uninstall.sh,false
https://raw.githubusercontent.com/alien4cloud/samples/master/kubernetes/scripts/docker/stop_docker.sh,false
https://raw.githubusercontent.com/alien4cloud/mesos-tosca-blueprints/master/aurora-types/scripts/stop_scheduler.sh,false
https://raw.githubusercontent.com/alien4cloud/samples/master/wordpress/scripts/install_wordpress.sh,false
https://raw.githubusercontent.com/oasis-open/tosca-community-contributions/master/examples/basic-template/scripts/sampletargetnode-configure.sh,false
https://raw.githubusercontent.com/alien4cloud/samples/master/aws-custom-resources/scripts/EC2Instance/delete.sh,false
https://raw.githubusercontent.com/alien4cloud/csar-public-library/develop/org/alien4cloud/apache/linux_sh/scripts/start_apache.sh,false
https://raw.githubusercontent.com/alien4cloud/csar-public-library/develop/org/alien4cloud/squid3/linux_sh/scripts/start_squid3.sh,false
https://raw.githubusercontent.com/alien4cloud/alien4cloud-kubernetes-plugin/3.0.x/src/main/resources/csar/scripts/kubectl_service_wrapper_uninstall.sh,false
https://raw.githubusercontent.com/di-unipi-socc/TosKer/master/data/examples/sockshop-app/sockshop/scripts/front-end/start.sh,false
https://raw.githubusercontent.com/ystia/forge/develop/org/ystia/rstudio/linux/bash/scripts/rstudio_start.sh,true
https://raw.githubusercontent.com/alien4cloud/csar-public-library/develop/org/alien4cloud/elasticsearch/ubuntu/scripts/elasticsearch/install_elasticsearch.sh,false
https://raw.githubusercontent.com/ystia/forge/develop/org/ystia/kibana/linux/bash/scripts/load_beats_dashboards.sh,false
https://raw.githubusercontent.com/alien4cloud/alien4cloud-kubernetes-plugin/3.0.x/src/main/resources/csar/scripts/kubectl_endpoint_create.sh,false
https://raw.githubusercontent.com/alien4cloud/samples/master/demo-lifecycle/scripts/RegistryConfigurerDependsOnRegistry/add_target.sh,false
https://raw.githubusercontent.com/alien4cloud/samples/master/demo-lifecycle/scripts/RegistryConfigurer/start.sh,false
https://raw.githubusercontent.com/alien4cloud/samples/master/org/alien4cloud/demo/kafka/topic/scripts/KafkaTopic/start.sh,false
https://raw.githubusercontent.com/alien4cloud/csar-public-library/develop/org/alien4cloud/elasticsearch/centos/scripts/elasticsearch/configure_elasticsearch.sh,true
https://raw.githubusercontent.com/ystia/forge/develop/org/ystia/kafka/linux/bash/scripts/kafka_configure.sh,true
https://raw.githubusercontent.com/ystia/forge/develop/org/ystia/elasticsearch/linux/bash/scripts/elasticsearch_updateReplicas.sh,false
https://raw.githubusercontent.com/alien4cloud/samples/master/aws-elastic-load-balancer/scripts/add_target.sh,false
https://raw.githubusercontent.com/alien4cloud/samples/master/alien/scripts/alien/install_alien.sh,true
https://raw.githubusercontent.com/alien4cloud/samples/master/org/alien4cloud/www/http-proxy/squid3/linux_sh/scripts/install_squid3.sh,false
https://raw.githubusercontent.com/oasis-open/tosca-community-contributions/master/examples/basic-template/scripts/samplerelationship_remove_target.sh,false
https://raw.githubusercontent.com/alien4cloud/csar-public-library/develop/org/alien4cloud/java/jdk/linux/scripts/install_jdk.sh,true
https://raw.githubusercontent.com/alien4cloud/csar-public-library/develop/org/alien4cloud/terraform/openstack/scripts/destroy_terraform.sh,false
https://raw.githubusercontent.com/ystia/forge/develop/org/ystia/cloudera/linux/bash/scripts/clouderaagent_install.sh,false
https://raw.githubusercontent.com/shayn1234/Clearwater-new/master/yaml/cloudify-diamond-snmp-extension-master/scripts/setup_snmpd.sh,false
https://raw.githubusercontent.com/alien4cloud/samples/master/org/alien4cloud/automation/cloudify/hostpool/service/scripts/HostPoolService/install.sh,false
https://raw.githubusercontent.com/di-unipi-socc/TosKer/master/data/examples/node-mongo/scripts/mongo/stop.sh,false
https://raw.githubusercontent.com/StuPro-TOSCAna/TOSCAna-Samples/master/lamp-input/my_apache/install_php.sh,false
https://raw.githubusercontent.com/alien4cloud/csar-public-library/develop/org/alien4cloud/vault/vault_sh/scripts/policy/write_policy.sh,true
https://raw.githubusercontent.com/alien4cloud/samples/master/tomcat-war/scripts/tomcat_install.sh,true
https://raw.githubusercontent.com/alien4cloud/csar-public-library/develop/org/alien4cloud/cloudify/manager/v4/scripts/configure.sh,false
https://raw.githubusercontent.com/alien4cloud/samples/master/org/alien4cloud/mock/bash/scripts/relation_operation.sh,false
https://raw.githubusercontent.com/blainechai/TOSCA-chef/master/resources/tosca/webserver_start.sh,false
https://raw.githubusercontent.com/alien4cloud/csar-public-library/develop/org/alien4cloud/squid3/linux_sh/scripts/stop_squid3.sh,false
https://raw.githubusercontent.com/di-unipi-socc/TosKer/master/data/examples/thinking-app/thinking/scripts/api/push_default.sh,false
https://raw.githubusercontent.com/ystia/forge/develop/org/ystia/logstash/linux/bash/scripts/logstash_delete.sh,false
https://raw.githubusercontent.com/opentelekomcloud-blueprints/tosca-marketplace/main/nodejs-app/scripts/start.sh,true
https://raw.githubusercontent.com/alien4cloud/samples/master/kubernetes/scripts/flannel/start_flannel.sh,true
https://raw.githubusercontent.com/opentelekomcloud-blueprints/tosca-marketplace/main/nodejs-app/scripts/create.sh,false
https://raw.githubusercontent.com/StuPro-TOSCAna/TOSCAna-Samples/master/lamp-noinput/my_app/configure_myphpapp.sh,false
https://raw.githubusercontent.com/vmware-archive/tosca-blueprints/master/regression-blueprints/scripts/install_nodejs.sh,false
https://raw.githubusercontent.com/alien4cloud/csar-public-library/develop/org/alien4cloud/mysql/linux_pup/scripts/configure_mysql.sh,false
https://raw.githubusercontent.com/di-unipi-socc/TosKer/master/data/examples/software-link/scripts/install.sh,false
https://raw.githubusercontent.com/alien4cloud/mesos-tosca-blueprints/master/aurora-types/scripts/configure_executor.sh,false
https://raw.githubusercontent.com/01000101/aria-csar-extension/master/examples/csar_vnf_chaining/scripts/vdu2_configure.sh,false
https://raw.githubusercontent.com/ystia/forge/develop/org/ystia/elasticsearch/linux/bash/scripts/elasticsearch_start.sh,false
https://raw.githubusercontent.com/ystia/forge/develop/org/ystia/logstash/linux/bash/twitter/twitter_changeFullTweet.sh,false
https://raw.githubusercontent.com/di-unipi-socc/TosKer/master/data/examples/sockshop-app/sockshop/scripts/user/uninstall.sh,false
https://raw.githubusercontent.com/alien4cloud/csar-public-library/develop/org/alien4cloud/alien4cloud/config/backupRestoreS3/scripts/restore_app.sh,true
https://raw.githubusercontent.com/ditrit/workflows/master/ditrit/example/appli/scripts/mon_configure.sh,false
https://raw.githubusercontent.com/di-unipi-socc/TosKer/master/data/examples/sockshop-app/sockshop/scripts/user/start.sh,false
https://raw.githubusercontent.com/ystia/forge/develop/org/ystia/logstash/linux/bash/twitter/twitter_addKeywords.sh,false
https://raw.githubusercontent.com/ystia/forge/develop/org/ystia/logstash/linux/bash/geonames/start.sh,false
https://raw.githubusercontent.com/alien4cloud/csar-public-library/develop/org/alien4cloud/elasticsearch/centos/scripts/elasticsearch/install_elasticsearch.sh,false
https://raw.githubusercontent.com/shayn1234/Clearwater-new/master/yaml/tmp/cloudify-diamond-snmp-extension-master/scripts/setup_snmpd.sh,false
https://raw.githubusercontent.com/di-unipi-socc/TosKer/master/data/examples/node-mongo/scripts/app/install.sh,false
https://raw.githubusercontent.com/alien4cloud/samples/master/org/alien4cloud/lang/java/jdk/linux/scripts/install_jdk.sh,true
https://raw.githubusercontent.com/ystia/forge/develop/org/ystia/logstash/linux/bash/twitter/twitter_changeKeywords.sh,false
https://raw.githubusercontent.com/alien4cloud/samples/master/aws-custom-resources/scripts/MariaDB/delete.sh,false
https://raw.githubusercontent.com/alien4cloud/csar-public-library/develop/org/alien4cloud/mysql/linux_pup/scripts/start_mysql.sh,false
https://raw.githubusercontent.com/di-unipi-socc/TosKer/master/data/examples/node-mongo-csar/node-mongo/scripts/mongo/stop.sh,false
https://raw.githubusercontent.com/ystia/forge/develop/org/ystia/logstash/linux/bash/twitter/twitter_addLanguages.sh,false
https://raw.githubusercontent.com/alien4cloud/csar-public-library/develop/org/alien4cloud/vault/vault_dev/scripts/vault_dev/start_vault.sh,false
https://raw.githubusercontent.com/di-unipi-socc/TosKer/master/data/examples/sockshop-app/sockshop/scripts/shipping/start.sh,false
https://raw.githubusercontent.com/StuPro-TOSCAna/TOSCAna-Samples/master/lamp-input/my_app/configure_myphpapp.sh,false
https://raw.githubusercontent.com/alien4cloud/samples/master/alien/scripts/it/install_it.sh,true
https://raw.githubusercontent.com/ystia/forge/develop/org/ystia/logstash/linux/bash/relationships/kafka/configure-kafka-output.sh,true
https://raw.githubusercontent.com/ystia/forge/develop/org/ystia/consul/linux/bash/scripts/consul_agent_to_server.sh,false
https://raw.githubusercontent.com/alien4cloud/csar-public-library/develop/org/alien4cloud/nginx/nginx_sh/scripts/nginx/configure.sh,false
https://raw.githubusercontent.com/alien4cloud/samples/master/nodejs/scripts/install-nodejs.sh,false
https://raw.githubusercontent.com/di-unipi-socc/TosKer/master/data/examples/sockshop-app/sockshop/scripts/front-end/install.sh,false
https://raw.githubusercontent.com/shayn1234/Clearwater-new/master/yaml/scripts/sprout.sh,true
https://raw.githubusercontent.com/alien4cloud/alien4cloud-kubernetes-plugin/3.0.x/src/main/resources/csar/scripts/kubectl_configmap_delete.sh,false
https://raw.githubusercontent.com/di-unipi-socc/TosKer/master/data/examples/nginx-lifecycle/stop.sh,false
https://raw.githubusercontent.com/shayn1234/Clearwater-new/master/yaml/scripts/bono.sh,true
https://raw.githubusercontent.com/alien4cloud/samples/master/org/alien4cloud/automation/a4c/webapp/scripts/elasticsearch/ConnectToElasticSearch/pre_configure_source.sh,false
https://raw.githubusercontent.com/ystia/forge/develop/org/ystia/consul/linux/bash/scripts/consul_configure.sh,false
https://raw.githubusercontent.com/ystia/forge/develop/org/ystia/kibana/linux/bash/scripts/kibana_start.sh,false
https://raw.githubusercontent.com/alien4cloud/samples/master/mongo/scripts/stop-mongo.sh,false
https://raw.githubusercontent.com/alien4cloud/csar-public-library/develop/org/alien4cloud/squid3/linux_sh/scripts/install_squid3.sh,false
https://raw.githubusercontent.com/ystia/forge/develop/org/ystia/consul/linux/bash/scripts/consul_stop.sh,false
https://raw.githubusercontent.com/alien4cloud/samples/master/org/alien4cloud/automation/cloudify/hostpool/service/scripts/HostPoolService/uninstall.sh,false
https://raw.githubusercontent.com/alien4cloud/mesos-tosca-blueprints/master/mesos-types/scripts/slave/configure.sh,false
https://raw.githubusercontent.com/ystia/forge/develop/org/ystia/beats/linux/bash/scripts/start_beat.sh,false
https://raw.githubusercontent.com/ystia/forge/develop/org/ystia/xfs/linux/bash/scripts/unmount.sh,false
https://raw.githubusercontent.com/alien4cloud/samples/master/demo-lifecycle/scripts/Registry/create.sh,false
https://raw.githubusercontent.com/alien4cloud/csar-public-library/develop/org/alien4cloud/consul/consul_sh/scripts/consul/create_consul.sh,false
https://raw.githubusercontent.com/opentelekomcloud-blueprints/tosca-tutorials/master/examples/nodecellar/scripts/install-nodecellar-app.sh,false
https://raw.githubusercontent.com/alien4cloud/samples/master/nodecellar/scripts/stop-nodecellar-app.sh,false
https://raw.githubusercontent.com/oasis-open/tosca-community-contributions/master/examples/basic-template/scripts/samplesourcenode-stop.sh,false
https://raw.githubusercontent.com/alien4cloud/mesos-tosca-blueprints/master/mesos-types/scripts/slave/configure_connectsToDNS.sh,false
https://raw.githubusercontent.com/ystia/yorc-a4c-plugin/develop/tosca-samples/org/ystia/yorc/samples/job/noscheduler/components/scripts/operations/submit_display_results.sh,false
https://raw.githubusercontent.com/alien4cloud/samples/master/org/alien4cloud/automation/a4c/config/backupRestoreS3/scripts/aws_credentials_config.sh,false
https://raw.githubusercontent.com/alien4cloud/csar-public-library/develop/org/alien4cloud/mock/bash/scripts/operation.sh,false
https://raw.githubusercontent.com/alien4cloud/samples/master/kubernetes/scripts/etcd/create_etcd.sh,true
https://raw.githubusercontent.com/di-unipi-socc/TosKer/master/data/examples/sockshop-app/sockshop/scripts/front-end/configure.sh,false
https://raw.githubusercontent.com/vuminhkh/tosca-runtime/master/cli/src/main/resources/csars/bootstrap/consul/scripts/connect_docker_daemon_to_consul.sh,false
https://raw.githubusercontent.com/shayn1234/Clearwater-new/master/yaml/scripts/homestead.sh,true
https://raw.githubusercontent.com/di-unipi-socc/TosKer/master/data/examples/node-mongo/scripts/mongo/delete.sh,false
https://raw.githubusercontent.com/alien4cloud/mesos-tosca-blueprints/master/mesos-types/scripts/service-discovery/configure-marathonlb.sh,false
https://raw.githubusercontent.com/alien4cloud/csar-public-library/develop/org/alien4cloud/cloudify/manager/v4/scripts/install.sh,false
https://raw.githubusercontent.com/opentelekomcloud-blueprints/tosca-marketplace/main/scripts/bash/scripts/configure.sh,false
https://raw.githubusercontent.com/alien4cloud/samples/master/kubernetes/scripts/kubernetes/master/start_master.sh,true
https://raw.githubusercontent.com/ystia/yorc-a4c-plugin/develop/tosca-samples/org/ystia/yorc/samples/job/mocks/component/scripts/run.sh,false
https://raw.githubusercontent.com/di-unipi-socc/TosKer/master/data/examples/node-mongo/scripts/app/add_examples.sh,false
https://raw.githubusercontent.com/di-unipi-socc/TosKer/master/data/examples/sockshop-app/sockshop/scripts/orders/install.sh,false
https://raw.githubusercontent.com/alien4cloud/csar-public-library/develop/org/alien4cloud/nginx/nginx_sh/scripts/consul_template/start.sh,false
https://raw.githubusercontent.com/opentelekomcloud-blueprints/tosca-marketplace/main/scripts/bash/scripts/post_configure_source.sh,false
https://raw.githubusercontent.com/ystia/forge/develop/org/ystia/haproxy/linux/bash/scripts/haproxy/create.sh,false
https://raw.githubusercontent.com/ystia/forge/develop/org/ystia/flink/linux/bash/scripts/flink_install.sh,false
https://raw.githubusercontent.com/ystia/forge/develop/org/ystia/java/pub/scripts/hosting_on_java.sh,false
https://raw.githubusercontent.com/alien4cloud/samples/master/org/alien4cloud/automation/cloudify/manager/v3/scripts/Cloudify3Manager/install.sh,false
https://raw.githubusercontent.com/alien4cloud/csar-public-library/develop/org/alien4cloud/agentpuppet/scripts/create.sh,false
https://raw.githubusercontent.com/opentelekomcloud-blueprints/tosca-tutorials/master/examples/nodecellar/scripts/start-nodecellar-app.sh,false
https://raw.githubusercontent.com/alien4cloud/csar-public-library/develop/org/alien4cloud/spark/job-linux-sh/scripts/submit.sh,true
https://raw.githubusercontent.com/alien4cloud/samples/master/wordpress/scripts/config_wordpress_for_mysql.sh,false
https://raw.githubusercontent.com/alien4cloud/samples/master/org/alien4cloud/www/wordpress/scripts/config_wordpress.sh,false
https://raw.githubusercontent.com/alien4cloud/csar-public-library/develop/org/alien4cloud/mysql/linux_pup/scripts/delete_mysql.sh,false
https://raw.githubusercontent.com/alien4cloud/samples/master/alien/scripts/it/start_it.sh,false
https://raw.githubusercontent.com/ystia/forge/develop/org/ystia/logstash/linux/bash/scripts/logstash_changeFilter.sh,false
https://raw.githubusercontent.com/di-unipi-socc/TosKer/master/data/examples/node-mongo-csar/node-mongo/scripts/app/start.sh,false
https://raw.githubusercontent.com/alien4cloud/samples/master/apache-load-balancer/scripts/service_remove_web_app_from_load_balancer.sh,false
https://raw.githubusercontent.com/alien4cloud/csar-public-library/develop/org/alien4cloud/terraform/openstack/scripts/tf_rel_sg_add_target.sh,false
https://raw.githubusercontent.com/ystia/forge/develop/org/ystia/kafka/linux/bash/scripts/createKafkaTopic.sh,false
https://raw.githubusercontent.com/di-unipi-socc/TosKer/master/data/examples/node-mongo-csar/node-mongo/scripts/install_node.sh,false
https://raw.githubusercontent.com/ystia/forge/develop/org/ystia/haproxy/linux/bash/scripts/haproxy/reload.sh,false
https://raw.githubusercontent.com/ystia/forge/develop/org/ystia/samples/dummylogs/linux/bash/scripts/logs_generator_stop.sh,false
https://raw.githubusercontent.com/alien4cloud/csar-public-library/develop/org/alien4cloud/alien4cloud/webapp/scripts/ConnectToConsulAgent/pre_configure_source.sh,false
https://raw.githubusercontent.com/alien4cloud/samples/master/demo-lifecycle/scripts/GenericConnectToGeneric/remove_source.sh,false
https://raw.githubusercontent.com/alien4cloud/samples/master/org/alien4cloud/demo/spark-jobs/scripts/configure.sh,false
https://raw.githubusercontent.com/alien4cloud/samples/master/demo-lifecycle/scripts/Generic/configure.sh,false
https://raw.githubusercontent.com/ystia/forge/develop/org/ystia/mysql/linux/bash/scripts/mysql_start.sh,false
https://raw.githubusercontent.com/alien4cloud/samples/master/org/alien4cloud/demo/spark/streaming/scripts/SparkStreamingHDFSCollector/start.sh,true
https://raw.githubusercontent.com/alien4cloud/csar-public-library/develop/org/alien4cloud/consul/consul_sh/scripts/consul/join_consul_cluster.sh,false
https://raw.githubusercontent.com/ystia/forge/develop/org/ystia/kibana/linux/bash/scripts/kibana_stop.sh,false
https://raw.githubusercontent.com/di-unipi-socc/TosKer/master/data/examples/sockshop-app/sockshop/scripts/user/stop.sh,false
https://raw.githubusercontent.com/ystia/forge/develop/org/ystia/nifi/linux/bash/scripts/nifi_stop.sh,false
https://raw.githubusercontent.com/ystia/forge/develop/org/ystia/beats/linux/bash/scripts/delete_beat.sh,false
https://raw.githubusercontent.com/di-unipi-socc/TosKer/master/data/examples/node-mongo/scripts/mongo/start.sh,false
https://raw.githubusercontent.com/alien4cloud/samples/master/org/alien4cloud/storage/elasticsearch/ubuntu/scripts/elasticsearch/configure_elasticsearch.sh,false
https://raw.githubusercontent.com/alien4cloud/samples/master/org/alien4cloud/automation/cloudify/ansible/scripts/Ansible4CloudifyManager/install.sh,true
https://raw.githubusercontent.com/StuPro-TOSCAna/TOSCAna-Samples/master/lamp-noinput/my_apache/install_php.sh,false
https://raw.githubusercontent.com/alien4cloud/mesos-tosca-blueprints/master/aurora-types/scripts/install_executor.sh,false
https://raw.githubusercontent.com/di-unipi-socc/TosKer/master/data/examples/sockshop-app/sockshop/scripts/orders/start.sh,false
https://raw.githubusercontent.com/alien4cloud/samples/master/petclinic-war/scripts/install_petclinic_postgresql.sh,false
https://raw.githubusercontent.com/alien4cloud/samples/master/org/alien4cloud/demo/spark/streaming/scripts/SparkStreamingModule/stop.sh,false
https://raw.githubusercontent.com/alien4cloud/alien4cloud-extended-types/master/alien-extended-storage-types/scripts/unmount.sh,false
https://raw.githubusercontent.com/alien4cloud/samples/master/org/alien4cloud/automation/cloudify/manager/v4/scripts/azure_do_configure.sh,false
https://raw.githubusercontent.com/shayn1234/Clearwater-new/master/yaml/scripts/ralf.sh,true
https://raw.githubusercontent.com/di-unipi-socc/TosKer/master/data/examples/nginx-lifecycle/create.sh,false
https://raw.githubusercontent.com/alien4cloud/csar-public-library/develop/org/alien4cloud/terraform/openstack/scripts/prepare_terraform.sh,false
https://raw.githubusercontent.com/alien4cloud/csar-public-library/develop/org/alien4cloud/vault/vault_sh/scripts/vault/cleanup_vault.sh,false
https://raw.githubusercontent.com/alien4cloud/csar-public-library/develop/org/alien4cloud/cloudify/manager/v4/scripts/openstack_init_conf_file.sh,false
https://raw.githubusercontent.com/ystia/yorc-a4c-plugin/develop/tosca-samples/org/ystia/yorc/samples/OrchestratorHost/aws-custom-resources/scripts/EC2Instance/stop.sh,false
https://raw.githubusercontent.com/alien4cloud/samples/master/kubernetes/scripts/kubernetes/node/start_node.sh,true
https://raw.githubusercontent.com/ystia/forge/develop/org/ystia/beats/linux/bash/scripts/configure_filebeat.sh,false
https://raw.githubusercontent.com/alien4cloud/samples/master/org/alien4cloud/www/apache/linux_sh/scripts/install_apache.sh,true
https://raw.githubusercontent.com/ystia/forge/develop/org/ystia/mysql/linux/bash/scripts/mysql_db_create.sh,false
https://raw.githubusercontent.com/alien4cloud/mesos-tosca-blueprints/master/aurora-types/scripts/configure_scheduler.sh,false
https://raw.githubusercontent.com/ystia/forge/develop/org/ystia/nifi/linux/bash/scripts/nifi_start.sh,false
https://raw.githubusercontent.com/alien4cloud/samples/master/demo-lifecycle/scripts/GenericConnectToGeneric/remove_target.sh,false
https://raw.githubusercontent.com/ystia/forge/develop/org/ystia/kafka/linux/bash/scripts/kafka_install.sh,false
https://raw.githubusercontent.com/ystia/forge/develop/org/ystia/flink/linux/bash/scripts/flink_tm_start.sh,false
https://raw.githubusercontent.com/di-unipi-socc/TosKer/master/data/examples/nginx-lifecycle/delete.sh,false
https://raw.githubusercontent.com/ystia/forge/develop/org/ystia/flink/linux/bash/scripts/taskmanager_to_jobmanager.sh,false
https://raw.githubusercontent.com/alien4cloud/samples/master/org/alien4cloud/demo/spark/streaming/scripts/SparkStreamingHDFSCollector/configure.sh,false
https://raw.githubusercontent.com/alien4cloud/samples/master/org/alien4cloud/automation/a4c/config/backupRestoreS3/scripts/restore.sh,true
https://raw.githubusercontent.com/alien4cloud/samples/master/tomcat-war/scripts/tomcat_install_war.sh,true
https://raw.githubusercontent.com/ystia/forge/develop/org/ystia/logstash/linux/bash/geonames/create.sh,false
https://raw.githubusercontent.com/alien4cloud/csar-public-library/develop/org/alien4cloud/kubernetes/kubeadm/scripts/kubernetes/join-master.sh,false
https://raw.githubusercontent.com/alien4cloud/csar-public-library/develop/org/alien4cloud/consul/consul_sh/scripts/consul/start_consul_agent.sh,false
https://raw.githubusercontent.com/alien4cloud/csar-public-library/develop/org/alien4cloud/cloudify/manager/v3/scripts/Cloudify3Manager/install.sh,false
https://raw.githubusercontent.com/alien4cloud/mesos-tosca-blueprints/master/mesos-types/scripts/service-discovery/install-mesosdns.sh,false
https://raw.githubusercontent.com/alien4cloud/samples/master/kubernetes/scripts/kubernetes/dashboard/dashboard.sh,true
https://raw.githubusercontent.com/di-unipi-socc/TosKer/master/data/examples/software-link/scripts/delete.sh,false
https://raw.githubusercontent.com/alien4cloud/csar-public-library/develop/org/alien4cloud/kubernetes/kubeadm/scripts/kubernetes/create-kubelet.sh,false
https://raw.githubusercontent.com/alien4cloud/samples/master/org/alien4cloud/mock/bash/scripts/operation.sh,false
https://raw.githubusercontent.com/di-unipi-socc/TosKer/master/data/examples/node-mongo/scripts/mongo/install.sh,false
https://raw.githubusercontent.com/alien4cloud/samples/master/mongo/scripts/install-mongo.sh,false
https://raw.githubusercontent.com/alien4cloud/csar-public-library/develop/org/alien4cloud/cloudify/manager/v3/scripts/Cloudify3Manager/aws_do_configure.sh,false
https://raw.githubusercontent.com/alien4cloud/mesos-tosca-blueprints/master/mesos-types/scripts/service-discovery/start-mesosdns.sh,false
https://raw.githubusercontent.com/ystia/yorc-a4c-plugin/develop/tosca-samples/org/ystia/yorc/samples/job/noscheduler/components/scripts/operations/cancel.sh,false
https://raw.githubusercontent.com/alien4cloud/mesos-tosca-blueprints/master/mesos-types/scripts/rexray/configure_client.sh,false
https://raw.githubusercontent.com/alien4cloud/csar-public-library/develop/org/alien4cloud/alien4cloud/webapp/scripts/alien/install_alien.sh,false
https://raw.githubusercontent.com/alien4cloud/alien4cloud-kubernetes-plugin/3.0.x/src/main/resources/csar/scripts/kubectl_endpoint_start.sh,false
https://raw.githubusercontent.com/alefais/ase-fall-17/master/homework6/scripts/start_doodle.sh,false
https://raw.githubusercontent.com/oasis-open/tosca-community-contributions/master/examples/basic-template/scripts/sampletargetnode-start.sh,false
https://raw.githubusercontent.com/alien4cloud/csar-public-library/develop/org/alien4cloud/nginx/nginx_sh/scripts/nginx/create.sh,false
https://raw.githubusercontent.com/di-unipi-socc/TosKer/master/data/examples/sockshop-app/sockshop/scripts/catalogue/stop.sh,false
https://raw.githubusercontent.com/WF-ShAre/NJ-WF/master/scripts/get-input.sh,false
https://raw.githubusercontent.com/alien4cloud/csar-public-library/develop/org/alien4cloud/cloudify/manager/v4/scripts/openstack_configure_key.sh,false
https://raw.githubusercontent.com/alien4cloud/samples/master/org/alien4cloud/automation/cloudify/manager/v4/scripts/aws_configure_key.sh,false
https://raw.githubusercontent.com/alien4cloud/csar-public-library/develop/org/alien4cloud/cloudify/hostpool/service/scripts/HostPoolService/start.sh,false
https://raw.githubusercontent.com/alien4cloud/samples/master/org/alien4cloud/automation/cloudify/manager/v4/scripts/openstack_do_configure.sh,false
https://raw.githubusercontent.com/ystia/forge/develop/org/ystia/logstash/linux/bash/twitter/twitter_removeLanguages.sh,false
https://raw.githubusercontent.com/di-unipi-socc/TosKer/master/data/examples/node-mongo-csar/node-mongo/scripts/app/install.sh,false
https://raw.githubusercontent.com/alien4cloud/csar-public-library/develop/org/alien4cloud/alien4cloud/config/backupRestoreS3/scripts/backup.sh,true
https://raw.githubusercontent.com/alien4cloud/samples/master/host-pool-service/scripts/create.sh,false
https://raw.githubusercontent.com/alien4cloud/csar-public-library/develop/org/alien4cloud/spark/linux_sh/scripts/join_spark_cluster.sh,false
https://raw.githubusercontent.com/di-unipi-socc/TosKer/master/data/examples/sockshop-app/sockshop/scripts/payment/uninstall.sh,false
https://raw.githubusercontent.com/alefais/ase-fall-17/master/homework6/scripts/create_doodle.sh,false
https://raw.githubusercontent.com/lexis-project/application-templates/master/examples/components/events/scripts/submit_job.sh,false
https://raw.githubusercontent.com/alien4cloud/samples/master/demo-repository/scripts/implementation/assert.sh,false
https://raw.githubusercontent.com/ystia/forge/develop/org/ystia/logstash/linux/bash/twitter/twitter_changeTags.sh,false
https://raw.githubusercontent.com/ystia/forge/develop/org/ystia/beats/linux/bash/scripts/stop_beat.sh,false
https://raw.githubusercontent.com/alien4cloud/alien4cloud-kubernetes-plugin/3.0.x/src/main/resources/csar/scripts/kubectl_resource_wrapper.sh,true
https://raw.githubusercontent.com/di-unipi-socc/TosKer/master/data/examples/nginx-lifecycle/configure.sh,false
https://raw.githubusercontent.com/ystia/forge/develop/org/ystia/cloudera/linux/bash/scripts/clouderaagent_start.sh,false
https://raw.githubusercontent.com/ystia/forge/develop/org/ystia/beats/linux/bash/scripts/configure_heartbeat.sh,false
https://raw.githubusercontent.com/di-unipi-socc/TosKer/master/data/examples/thinking-app/thinking/scripts/api/configure.sh,false
https://raw.githubusercontent.com/alien4cloud/samples/master/org/alien4cloud/www/http-proxy/squid3/linux_sh/scripts/start_squid3.sh,false
https://raw.githubusercontent.com/ystia/forge/develop/org/ystia/logstash/linux/bash/scripts/logstash_install.sh,false
https://raw.githubusercontent.com/alien4cloud/csar-public-library/develop/org/alien4cloud/elasticsearch/ansible/scripts/elasticsearch/start_elasticsearch.sh,false
https://raw.githubusercontent.com/alien4cloud/samples/master/demo-lifecycle/scripts/Generic/start.sh,false
https://raw.githubusercontent.com/alien4cloud/samples/master/mongo/scripts/start-mongo.sh,false
https://raw.githubusercontent.com/ystia/forge/develop/org/ystia/samples/welcome/linux/bash/scripts/welcome_stop.sh,false
https://raw.githubusercontent.com/alien4cloud/csar-public-library/develop/org/alien4cloud/alien4cloud/postdeployment/scripts/create.sh,false
https://raw.githubusercontent.com/alien4cloud/csar-public-library/develop/org/alien4cloud/elasticsearch/centos/scripts/elasticsearch/start_elasticsearch.sh,false
https://raw.githubusercontent.com/alien4cloud/samples/master/demo-service-operations/scripts/standard.sh,false
https://raw.githubusercontent.com/laurentganne/tosca-samples/master/iterations/component/scripts/create.sh,false
https://raw.githubusercontent.com/alien4cloud/csar-public-library/develop/org/alien4cloud/terraform/openstack/scripts/tf_compute_configure.sh,false
https://raw.githubusercontent.com/alien4cloud/alien4cloud-kubernetes-plugin/3.0.x/src/main/resources/csar/scripts/kubectl_deployment_create.sh,true
https://raw.githubusercontent.com/ystia/forge/develop/org/ystia/elasticsearch/linux/bash/scripts/elasticsearch_install.sh,false
https://raw.githubusercontent.com/alien4cloud/samples/master/org/alien4cloud/sandbox/services/dummy/client/scripts/add_target.sh,false
https://raw.githubusercontent.com/alien4cloud/samples/master/wordpress/scripts/install_php_module.sh,false
https://raw.githubusercontent.com/ystia/forge/develop/org/ystia/mysql/linux/bash/scripts/mysql_pre_configure_volume.sh,false
https://raw.githubusercontent.com/oasis-open/tosca-community-contributions/master/examples/basic-template/scripts/samplesourcenode-create.sh,false
https://raw.githubusercontent.com/ystia/forge/develop/org/ystia/cloudera/linux/bash/scripts/clouderamanager_start.sh,false
https://raw.githubusercontent.com/alien4cloud/csar-public-library/develop/org/alien4cloud/alien4cloud/webapp/scripts/smbClient/add_target.sh,false
https://raw.githubusercontent.com/ystia/forge/develop/org/ystia/rstudio/linux/bash/scripts/rstudio_install.sh,true
https://raw.githubusercontent.com/di-unipi-socc/TosKer/master/data/examples/thinking-app/thinking/scripts/api/uninstall.sh,false
https://raw.githubusercontent.com/alien4cloud/samples/master/demo-lifecycle/scripts/Generic/delete.sh,false
https://raw.githubusercontent.com/alien4cloud/mesos-tosca-blueprints/master/mesos-types/scripts/rexray/configure_connectsToLibStorage.sh,false
https://raw.githubusercontent.com/alien4cloud/samples/master/org/alien4cloud/automation/a4c/webapp/scripts/alien/install_alien.sh,false
https://raw.githubusercontent.com/alien4cloud/csar-public-library/develop/org/alien4cloud/terraform/openstack/scripts/tf_rel_sg_remove_source.sh,false
https://raw.githubusercontent.com/alien4cloud/alien4cloud-extended-types/master/alien-extended-storage-types/scripts/mkfs.sh,false
https://raw.githubusercontent.com/alien4cloud/samples/master/org/alien4cloud/demo/spark/streaming/scripts/SparkStreamingModule/delete.sh,false
https://raw.githubusercontent.com/ystia/forge/develop/org/ystia/logstash/linux/bash/relationships/elasticsearch/configure.sh,false
https://raw.githubusercontent.com/alefais/ase-fall-17/master/homework6/scripts/stop_doodle.sh,false
https://raw.githubusercontent.com/alien4cloud/csar-public-library/develop/org/alien4cloud/alien4cloud/webapp/scripts/elasticsearch/ConnectToElasticSearch/pre_configure_source.sh,false
https://raw.githubusercontent.com/alien4cloud/samples/master/postgresql/scripts/configure_postgresql.sh,true
https://raw.githubusercontent.com/ystia/forge/develop/org/ystia/logstash/linux/bash/geonames/stop.sh,false
https://raw.githubusercontent.com/alien4cloud/csar-public-library/develop/org/alien4cloud/cloudify/manager/v4/scripts/aws_do_configure.sh,false
https://raw.githubusercontent.com/alien4cloud/csar-public-library/develop/org/alien4cloud/elasticsearch/ubuntu/scripts/elasticsearch/start_elasticsearch.sh,false
https://raw.githubusercontent.com/ystia/forge/develop/org/ystia/beats/linux/bash/relationships/component/heartbeat_to_component_post_configure_source.sh,true
https://raw.githubusercontent.com/di-unipi-socc/TosKer/master/data/examples/software-link/scripts/stop.sh,false
https://raw.githubusercontent.com/ystia/yorc-a4c-plugin/develop/tosca-samples/org/ystia/yorc/samples/DataTypes/linux/scripts/show_inputs.sh,false
https://raw.githubusercontent.com/vuminhkh/tosca-runtime/master/cli/src/main/resources/csars/bootstrap/consul/scripts/create_consul.sh,false
https://raw.githubusercontent.com/alien4cloud/samples/master/petclinic-war/scripts/install_petclinic_mysql.sh,false
https://raw.githubusercontent.com/vmware-archive/tosca-blueprints/master/regression-blueprints/scripts/install_postgresql.sh,false
https://raw.githubusercontent.com/alien4cloud/csar-public-library/develop/org/alien4cloud/elasticsearch/ansible/scripts/elasticsearch/install_elasticsearch.sh,false
https://raw.githubusercontent.com/alien4cloud/samples/master/org/alien4cloud/automation/cloudify/manager/v4/scripts/configure.sh,false
https://raw.githubusercontent.com/alien4cloud/samples/master/kubernetes/scripts/kubernetes/node/stop_node.sh,false
https://raw.githubusercontent.com/alien4cloud/samples/master/docker-engine-type/scripts/stop_docker_engine.sh,false
https://raw.githubusercontent.com/alien4cloud/samples/master/apache-load-balancer/scripts/add_web_app_to_load_balancer.sh,false
https://raw.githubusercontent.com/ystia/forge/develop/org/ystia/logstash/linux/bash/twitter/twitter_addTags.sh,false
https://raw.githubusercontent.com/alien4cloud/samples/master/host-pool-service/scripts/stop.sh,false
https://raw.githubusercontent.com/di-unipi-socc/TosKer/master/data/examples/nginx-lifecycle/start.sh,false
https://raw.githubusercontent.com/blainechai/TOSCA-chef/master/resources/tosca/mysql_dbms_install.sh,false
https://raw.githubusercontent.com/alien4cloud/csar-public-library/develop/org/alien4cloud/mysql/linux_pup/scripts/stop_mysql.sh,false
https://raw.githubusercontent.com/alien4cloud/csar-public-library/develop/org/alien4cloud/cloudify/manager/v4/scripts/azure_init_conf_file.sh,false
https://raw.githubusercontent.com/alien4cloud/samples/master/demo-lifecycle/scripts/GenericConnectToGeneric/post_configure_target.sh,false
https://raw.githubusercontent.com/vuminhkh/tosca-runtime/master/cli/src/main/resources/csars/bootstrap/daemon/scripts/create_docker_daemon.sh,false
https://raw.githubusercontent.com/alien4cloud/csar-public-library/develop/org/alien4cloud/vault/vault_sh/scripts/vault/start_vault.sh,true
https://raw.githubusercontent.com/opentelekomcloud-blueprints/tosca-marketplace/main/nodejs-app/scripts/stop.sh,false
https://raw.githubusercontent.com/di-unipi-socc/TosKer/master/data/examples/node-mongo-csar/node-mongo/scripts/mongo/start.sh,false
https://raw.githubusercontent.com/di-unipi-socc/TosKer/master/data/examples/node-mongo/scripts/node/uninstall.sh,false
https://raw.githubusercontent.com/alien4cloud/samples/master/org/alien4cloud/automation/cloudify/manager/v4/scripts/openstack_init_conf_file.sh,false
https://raw.githubusercontent.com/alien4cloud/samples/master/apache-load-balancer/scripts/stop_apache_load_balancer.sh,false
https://raw.githubusercontent.com/blainechai/TOSCA-chef/master/resources/tosca/wordpress_configure.sh,false
https://raw.githubusercontent.com/blainechai/TOSCA-chef/master/resources/tosca/mysql_dbms_start.sh,false
https://raw.githubusercontent.com/alien4cloud/samples/master/aws-custom-resources/scripts/MariaDB/start.sh,false
https://raw.githubusercontent.com/ystia/yorc-a4c-plugin/develop/tosca-samples/org/ystia/yorc/samples/DataTypes/linux/scripts/create.sh,false
https://raw.githubusercontent.com/blainechai/TOSCA-chef/master/resources/tosca/mysql_database_configure.sh,false
https://raw.githubusercontent.com/alien4cloud/csar-public-library/develop/org/alien4cloud/alien4cloud/config/backupRestoreS3/scripts/aws_credentials_config.sh,false
https://raw.githubusercontent.com/ystia/forge/develop/org/ystia/samples/welcome/linux/bash/scripts/welcome_start.sh,false
https://raw.githubusercontent.com/alien4cloud/csar-public-library/develop/org/alien4cloud/nginx/nginx_sh/scripts/nginx/start.sh,false
https://raw.githubusercontent.com/alien4cloud/samples/master/org/alien4cloud/mock/jobs/scripts/operation.sh,false
https://raw.githubusercontent.com/alien4cloud/csar-public-library/develop/org/alien4cloud/mysql/linux_pup/scripts/create_mysql.sh,false
https://raw.githubusercontent.com/alien4cloud/samples/master/org/alien4cloud/automation/cloudify/hostpool/service/scripts/HostPoolService/start.sh,false
https://raw.githubusercontent.com/opentelekomcloud-blueprints/tosca-tutorials/master/examples/nodecellar/scripts/stop-nodecellar-app.sh,false
https://raw.githubusercontent.com/alien4cloud/samples/master/docker-engine-type/scripts/install_docker_engine.sh,true
https://raw.githubusercontent.com/ystia/forge/develop/org/ystia/logstash/linux/bash/relationships/twitter/twitter_on_logstash.sh,true
https://raw.githubusercontent.com/alien4cloud/samples/master/org/alien4cloud/demo/spark-jobs/scripts/run.sh,true
https://raw.githubusercontent.com/alien4cloud/mesos-tosca-blueprints/master/mesos-types/scripts/install_mesos.sh,true
https://raw.githubusercontent.com/shayn1234/Clearwater-new/master/yaml/scripts/policy-stop.sh,false
https://raw.githubusercontent.com/ystia/yorc-a4c-plugin/develop/tosca-samples/org/ystia/yorc/samples/OrchestratorHost/sh/scripts/create.sh,false
https://raw.githubusercontent.com/alien4cloud/samples/master/postgresql/scripts/install_postgresql.sh,false
https://raw.githubusercontent.com/alien4cloud/samples/master/mysql/scripts/start_mysql.sh,true
https://raw.githubusercontent.com/ystia/yorc-a4c-plugin/develop/tosca-samples/org/ystia/yorc/samples/job/noscheduler/components/scripts/operations/run.sh,false
https://raw.githubusercontent.com/di-unipi-socc/TosKer/master/data/examples/thinking-app/thinking/scripts/api/install.sh,false
https://raw.githubusercontent.com/oasis-open/tosca-community-contributions/master/examples/basic-template/scripts/samplesourcenode-start.sh,false
https://raw.githubusercontent.com/ystia/yorc-a4c-plugin/develop/tosca-samples/org/ystia/yorc/samples/job/noscheduler/components/scripts/operations/on_target_change.sh,false
https://raw.githubusercontent.com/ystia/forge/develop/org/ystia/jupyter/linux/bash/scripts/jupyter_create.sh,true
https://raw.githubusercontent.com/alien4cloud/csar-public-library/develop/org/alien4cloud/cloudify/patches/patch_tasks/scripts/apply_patch.sh,false
https://raw.githubusercontent.com/alien4cloud/csar-public-library/develop/org/alien4cloud/vault/vault_sh/scripts/vault/stop_vault.sh,false
https://raw.githubusercontent.com/shayn1234/Clearwater-new/master/yaml/scripts/dns-config.sh,false
https://raw.githubusercontent.com/alien4cloud/samples/master/org/alien4cloud/lang/php/debian_sh/scripts/install_php.sh,false
https://raw.githubusercontent.com/alien4cloud/samples/master/org/alien4cloud/storage/elasticsearch/ansible/scripts/elasticsearch/start_elasticsearch.sh,false
https://raw.githubusercontent.com/blainechai/TOSCA-chef/master/resources/tosca/wordpress_install.sh,false
https://raw.githubusercontent.com/alien4cloud/samples/master/demo-lifecycle/scripts/Registry/start.sh,false
https://raw.githubusercontent.com/WF-ShAre/NJ-WF/master/scripts/wine-install.sh,false
https://raw.githubusercontent.com/oasis-open/tosca-community-contributions/master/examples/basic-template/scripts/sampletargetnode-delete.sh,false
https://raw.githubusercontent.com/ystia/forge/develop/org/ystia/logstash/linux/bash/relationships/kafka/configure-kafka-input.sh,false
https://raw.githubusercontent.com/ystia/forge/develop/org/ystia/cloudera/linux/bash/scripts/clouderamanager_install.sh,false
https://raw.githubusercontent.com/ystia/forge/develop/org/ystia/java/linux/bash/scripts/java_install.sh,true
https://raw.githubusercontent.com/alien4cloud/mesos-tosca-blueprints/master/mesos-types/scripts/marathon/start.sh,false
https://raw.githubusercontent.com/alien4cloud/samples/master/demo-lifecycle/scripts/GenericConnectToGeneric/pre_configure_source.sh,false
https://raw.githubusercontent.com/alien4cloud/samples/master/tomcat-war/scripts/tomcat_stop.sh,false
https://raw.githubusercontent.com/alien4cloud/samples/master/elasticsearch/scripts/start_elasticsearch.sh,false
https://raw.githubusercontent.com/alien4cloud/csar-public-library/develop/org/alien4cloud/alien4cloud/postdeployment/scripts/alien.sh,true
https://raw.githubusercontent.com/di-unipi-socc/TosKer/master/data/examples/sockshop-app/sockshop/scripts/front-end/stop.sh,false
https://raw.githubusercontent.com/alien4cloud/csar-public-library/develop/org/alien4cloud/cloudify/manager/v3/scripts/Cloudify3Manager/configure.sh,false
https://raw.githubusercontent.com/alien4cloud/samples/master/elasticsearch/scripts/pre_configure_target.sh,false
https://raw.githubusercontent.com/ystia/forge/develop/org/ystia/elasticsearch/linux/bash/scripts/elasticsearch_configure.sh,true
https://raw.githubusercontent.com/ystia/forge/develop/org/ystia/kafka/linux/bash/scripts/kafka_stop.sh,false
https://raw.githubusercontent.com/ystia/forge/develop/org/ystia/kibana/linux/bash/scripts/load_dashboard.sh,false
https://raw.githubusercontent.com/laurentganne/tosca-samples/master/complexTypes/types/scripts/configure.sh,false
https://raw.githubusercontent.com/ystia/forge/develop/org/ystia/logstash/linux/bash/twitter/twitter_addFollows.sh,false
https://raw.githubusercontent.com/ystia/forge/develop/org/ystia/consul/linux/bash/scripts/consul_install.sh,true
https://raw.githubusercontent.com/alien4cloud/samples/master/org/alien4cloud/demo/spark/streaming/scripts/SparkStreamingHDFSWriter/start.sh,false